video_id,segment,start,end
03bSnISJMiM,1,52.73265306,56.04512472
03bSnISJMiM,2,56.51405896,66.87052154
03bSnISJMiM,3,66.87052154,68.84603175
03bSnISJMiM,4,68.84603175,71.07097506
03bSnISJMiM,5,71.07097506,71.8292517
03bSnISJMiM,6,71.8292517,73.71496599
03bSnISJMiM,7,73.71496599,78.6138322
03bSnISJMiM,8,78.6138322,89.80839002
03bSnISJMiM,9,89.80839002,93.54988662
03bSnISJMiM,10,93.54988662,95.05646259
03bSnISJMiM,11,95.05646259,97.2015873
03bSnISJMiM,12,97.2015873,99.89546485
03bSnISJMiM,13,168.8387755,170.485034
0h-zjBukYpk,1,35.32222222,37.72675737
0h-zjBukYpk,2,44.95034014,57.19251701
0h-zjBukYpk,3,57.19251701,59.91632653
0h-zjBukYpk,4,59.91632653,65.56349206
0h-zjBukYpk,5,65.56349206,75.23151927
0h-zjBukYpk,6,75.23151927,83.70226757
0h-zjBukYpk,7,83.45283447,87.92267574
0h-zjBukYpk,8,87.92267574,91.54444444
0h-zjBukYpk,9,91.54444444,93.71950113
0h-zjBukYpk,10,93.71950113,96.33356009
0h-zjBukYpk,11,96.33356009,98.16938776
0h-zjBukYpk,12,98.16938776,99.09727891
0h-zjBukYpk,13,99.09727891,100.6337868
0h-zjBukYpk,14,113.7240363,121.2070295
0h-zjBukYpk,15,121.2070295,122.6038549
0h-zjBukYpk,16,123.4219955,127.1535147
0h-zjBukYpk,17,127.1535147,132.2120181
0h-zjBukYpk,18,132.2120181,137.9589569
0h-zjBukYpk,19,137.9589569,141.2614512
0h-zjBukYpk,20,141.2614512,147.6968254
0h-zjBukYpk,21,159.4501134,160.5376417
0h-zjBukYpk,22,160.5376417,163.6206349
0h-zjBukYpk,23,163.6206349,166.6537415
0h-zjBukYpk,24,166.6537415,167.9507937
0h-zjBukYpk,25,167.9507937,179.993424
1DmNV9C1hbY,1,12.79342404,17.0138322
1DmNV9C1hbY,2,17.0138322,21.26417234
1DmNV9C1hbY,3,21.26417234,23.91814059
1DmNV9C1hbY,4,23.91814059,31.00204082
1DmNV9C1hbY,5,31.00204082,34.2446712
1DmNV9C1hbY,6,34.2446712,39.46281179
1DmNV9C1hbY,7,39.46281179,44.59115646
1DmNV9C1hbY,8,44.59115646,45.87823129
1DmNV9C1hbY,9,45.87823129,48.25283447
1DmNV9C1hbY,10,48.25283447,49.49002268
1DmNV9C1hbY,11,57.16258503,60.03605442
1DmNV9C1hbY,12,60.03605442,63.23877551
1DmNV9C1hbY,13,63.23877551,65.40385488
1DmNV9C1hbY,14,65.40385488,66.84058957
1iG0909rllw,1,7.066439909,8.563038549
1iG0909rllw,2,8.563038549,10.42879819
1iG0909rllw,3,10.42879819,14.06054422
1iG0909rllw,4,14.06054422,17.93174603
1iG0909rllw,5,17.93174603,20.22653061
1iG0909rllw,6,20.22653061,21.59342404
1iG0909rllw,7,21.59342404,28.71723356
1iG0909rllw,8,28.71723356,30.60294785
1iG0909rllw,9,30.60294785,35.62154195
1iG0909rllw,10,35.62154195,39.28321995
1iG0909rllw,11,39.28321995,42.35623583
1iG0909rllw,12,42.35623583,43.93265306
1iG0909rllw,13,43.93265306,45.90816327
1iG0909rllw,14,45.90816327,53.98979592
1iG0909rllw,15,56.64376417,59.56712018
1iG0909rllw,16,59.56712018,68.37709751
1iG0909rllw,17,68.37709751,73.33582766
1iG0909rllw,18,73.33582766,79.86099773
1iG0909rllw,19,79.86099773,85.59795918
1iG0909rllw,20,85.59795918,95.31587302
1iG0909rllw,21,95.31587302,107.4882086
1iG0909rllw,22,107.4882086,116.4877551
1iG0909rllw,23,116.4877551,119.0619048
1iG0909rllw,24,118.9621315,120.9875283
1iG0909rllw,25,120.9875283,123.8210884
1iG0909rllw,26,123.4419501,130.9648526
1iG0909rllw,27,130.9648526,136.8714286
1iG0909rllw,28,136.8714286,141.2015873
1iG0909rllw,29,141.2015873,145.3321995
1iG0909rllw,30,145.3321995,147.0183673
2WGyTLYerpo,1,0.102267574,2.227437642
2WGyTLYerpo,2,2.227437642,2.935827664
2WGyTLYerpo,3,2.935827664,7.914512472
2WGyTLYerpo,4,7.914512472,14.65918367
2WGyTLYerpo,5,14.65918367,18.30090703
2WGyTLYerpo,6,18.30090703,20.54580499
2WGyTLYerpo,7,20.54580499,21.98253968
2WGyTLYerpo,8,21.98253968,24.51678005
2WGyTLYerpo,9,24.51678005,31.72040816
2WGyTLYerpo,10,37.52721088,38.93401361
2WGyTLYerpo,11,38.93401361,42.06689342
2WGyTLYerpo,12,42.06689342,43.80294785
2WGyTLYerpo,13,43.80294785,47.96349206
2WGyTLYerpo,14,47.96349206,49.27052154
2WGyTLYerpo,15,49.27052154,50.5675737
2WGyTLYerpo,16,50.5675737,52.85238095
2WGyTLYerpo,17,52.85238095,55.22698413
2WGyTLYerpo,18,55.22698413,56.51405896
2WGyTLYerpo,19,58.80884354,63.61791383
2WGyTLYerpo,20,63.61791383,64.66553288
2WGyTLYerpo,21,64.66553288,65.62335601
2WGyTLYerpo,22,65.62335601,67.50907029
2WGyTLYerpo,23,67.50907029,68.7462585
2WGyTLYerpo,24,68.7462585,79.66145125
2WGyTLYerpo,25,79.66145125,80.55941043
2WGyTLYerpo,26,80.55941043,83.47278912
2WGyTLYerpo,27,83.47278912,85.069161
2WGyTLYerpo,28,85.069161,87.4537415
2WGyTLYerpo,29,87.4537415,90.27732426
2WGyTLYerpo,30,90.27732426,91.84376417
2WGyTLYerpo,31,91.84376417,94.31814059
2WGyTLYerpo,32,94.31814059,95.50544218
2WGyTLYerpo,33,95.50544218,96.9122449
2WGyTLYerpo,34,96.9122449,98.64829932
2WGyTLYerpo,35,98.64829932,100.7335601
2WGyTLYerpo,36,100.7335601,102.8188209
2WGyTLYerpo,37,102.8188209,104.6346939
2WGyTLYerpo,38,104.6346939,110.4514739
2WGyTLYerpo,39,114.5521542,116.7671202
2WGyTLYerpo,40,116.7671202,118.6029478
2WGyTLYerpo,41,118.6029478,121.5562358
2WGyTLYerpo,42,121.5562358,123.4219955
2WGyTLYerpo,43,123.4219955,127.2133787
2WGyTLYerpo,45,127.652381,129.468254
2WGyTLYerpo,46,129.468254,130.6954649
2WGyTLYerpo,47,130.9947846,132.4913832
2WGyTLYerpo,48,133.1698413,134.1376417
2WGyTLYerpo,49,134.1376417,136.3426304
2WGyTLYerpo,50,136.3426304,139.1263039
2WGyTLYerpo,51,139.1263039,143.1970522
2WGyTLYerpo,52,143.1970522,144.8433107
2WGyTLYerpo,53,148.4650794,149.8120181
2WGyTLYerpo,54,149.8120181,152.2664399
2WGyTLYerpo,55,152.2664399,157.5244898
2WGyTLYerpo,56,157.5244898,162.2238095
2WGyTLYerpo,57,162.2238095,166.7535147
2WGyTLYerpo,58,166.7535147,170.914059
2WGyTLYerpo,59,170.824263,172.670068
2WGyTLYerpo,60,172.670068,174.3462585
2WGyTLYerpo,61,174.3462585,175.314059
2WGyTLYerpo,62,175.314059,176.700907
2WGyTLYerpo,63,176.700907,179.5943311
2iD-tVS8NPw,1,5.36031746,11.5861678
2iD-tVS8NPw,2,21.21428571,24.80612245
2iD-tVS8NPw,3,24.80612245,27.08095238
2iD-tVS8NPw,4,27.08095238,32.47868481
2iD-tVS8NPw,5,32.47868481,34.16485261
2iD-tVS8NPw,6,34.16485261,36.06054422
2iD-tVS8NPw,7,35.91088435,44.76077098
2iD-tVS8NPw,8,44.76077098,46.00793651
2iD-tVS8NPw,9,46.00793651,47.95351474
2iD-tVS8NPw,10,47.95351474,50.98662132
2iD-tVS8NPw,11,50.98662132,53.50090703
2iD-tVS8NPw,12,53.50090703,54.84784581
2iD-tVS8NPw,13,54.84784581,61.93174603
2iD-tVS8NPw,14,61.93174603,69.46462585
2iD-tVS8NPw,15,69.46462585,71.09092971
2iD-tVS8NPw,16,71.09092971,74.24376417
2iD-tVS8NPw,17,74.24376417,79.18253968
2iD-tVS8NPw,18,79.18253968,81.01836735
2iD-tVS8NPw,19,81.01836735,83.48276644
2iD-tVS8NPw,20,83.36303855,97.33129252
2iD-tVS8NPw,21,97.33129252,107.6977324
2iD-tVS8NPw,22,107.6977324,114.7716553
2iD-tVS8NPw,23,114.7716553,117.9344671
2iD-tVS8NPw,24,129.5281179,135.3548753
2iD-tVS8NPw,25,135.3548753,141.3113379
2iD-tVS8NPw,26,141.3113379,152.3263039
2iD-tVS8NPw,27,158.2229025,170.3054422
2iD-tVS8NPw,28,170.3054422,173.7077098
2iD-tVS8NPw,29,173.7077098,175.3439909
2iD-tVS8NPw,30,175.3439909,179.993424
5W7Z1C_fDaE,1,5.809297052,10.62834467
5W7Z1C_fDaE,2,9.850113379,13.72131519
5W7Z1C_fDaE,3,13.72131519,14.70907029
5W7Z1C_fDaE,4,14.70907029,15.41746032
5W7Z1C_fDaE,5,15.41746032,17.32312925
5W7Z1C_fDaE,6,17.32312925,18.69002268
5W7Z1C_fDaE,7,18.69002268,25.51451247
5W7Z1C_fDaE,8,25.51451247,26.59206349
5W7Z1C_fDaE,9,26.59206349,29.06643991
5W7Z1C_fDaE,10,29.06643991,32.23922902
5W7Z1C_fDaE,11,32.23922902,34.50408163
5W7Z1C_fDaE,12,34.50408163,37.97619048
5W7Z1C_fDaE,13,37.97619048,39.59251701
5W7Z1C_fDaE,14,39.59251701,42.93492063
5W7Z1C_fDaE,15,42.93492063,44.58117914
5W7Z1C_fDaE,16,44.58117914,46.7861678
5W7Z1C_fDaE,17,46.7861678,50.96666667
5W7Z1C_fDaE,18,50.96666667,53.06190476
5W7Z1C_fDaE,19,53.06190476,55.64603175
5W7Z1C_fDaE,20,55.64603175,57.77120181
5W7Z1C_fDaE,21,57.77120181,62.63015873
5W7Z1C_fDaE,22,57.77120181,64.77528345
5W7Z1C_fDaE,23,64.77528345,70.36258503
5W7Z1C_fDaE,24,70.36258503,76.10952391
6Egk_28TtTM,1,4.801587302,9.979818594
6Egk_28TtTM,2,33.01746032,40.93945578
6Egk_28TtTM,3,40.93945578,51.52539683
6Egk_28TtTM,4,51.03650794,54.25918367
6Egk_28TtTM,5,54.25918367,62.40068027
6Egk_28TtTM,6,97.50090703,103.00839
6Egk_28TtTM,7,103.00839,106.4106576
6Egk_28TtTM,8,106.4106576,114.8714286
6Egk_28TtTM,9,114.8714286,123.1526077
6Egk_28TtTM,10,123.1526077,129.5879819
6Egk_28TtTM,11,133.0501134,145.0029478
6Egk_28TtTM,12,145.0029478,148.5349206
6_0THN4chvY,1,38.83424036,45.04013605
6_0THN4chvY,2,51.11632653,59.96621315
6_0THN4chvY,3,59.96621315,64.31632653
6_0THN4chvY,4,64.31632653,65.73310658
6_0THN4chvY,5,65.73310658,67.55895692
6_0THN4chvY,6,67.55895692,70.38253968
6_0THN4chvY,7,70.38253968,74.07414966
6_0THN4chvY,8,74.07414966,79.3122449
6_0THN4chvY,9,79.3122449,83.74217687
6_0THN4chvY,10,83.74217687,87.66326531
6_0THN4chvY,11,87.86281179,89.74852608
6_0THN4chvY,12,89.74852608,95.63514739
6_0THN4chvY,13,95.63514739,96.75260771
6_0THN4chvY,14,96.75260771,99.03741497
73jzhE8R1TQ,1,74.37346939,80.63922902
73jzhE8R1TQ,2,80.63922902,86.02698413
73jzhE8R1TQ,3,86.02698413,90.64648526
73jzhE8R1TQ,4,90.64648526,91.45464853
73jzhE8R1TQ,5,91.45464853,95.01655329
73jzhE8R1TQ,6,95.01655329,98.66825397
73jzhE8R1TQ,7,98.66825397,100.6038549
73jzhE8R1TQ,8,100.6038549,104.5548753
73jzhE8R1TQ,9,104.5548753,109.7430839
73jzhE8R1TQ,10,108.7453515,116.1385488
73jzhE8R1TQ,11,116.1385488,119.8800454
73jzhE8R1TQ,12,119.8800454,128.4505669
73jzhE8R1TQ,13,127.9816327,138.9666667
73jzhE8R1TQ,14,138.9666667,145.3820862
73jzhE8R1TQ,15,145.3820862,154.0024943
73jzhE8R1TQ,16,153.8727891,157.4247166
73jzhE8R1TQ,17,157.4247166,160.4478458
73jzhE8R1TQ,18,160.4478458,167.9408163
73jzhE8R1TQ,19,167.9408163,174.6256236
7JsX8y1ysxY,1,10.75804989,12.66371882
7JsX8y1ysxY,2,12.66371882,14.98843537
7JsX8y1ysxY,3,14.98843537,17.08367347
7JsX8y1ysxY,4,31.48095238,32.66825397
7JsX8y1ysxY,5,32.66825397,47.93356009
7JsX8y1ysxY,6,47.93356009,48.99115646
7JsX8y1ysxY,7,48.99115646,51.82471655
7JsX8y1ysxY,8,51.82471655,65.33401361
7JsX8y1ysxY,9,65.33401361,66.10226757
7JsX8y1ysxY,10,66.10226757,66.67097506
7JsX8y1ysxY,11,72.37800454,73.42562358
7JsX8y1ysxY,12,75.2414966,80.45963719
7JsX8y1ysxY,13,80.45963719,81.91632653
7JsX8y1ysxY,14,84.83968254,93.67959184
7JsX8y1ysxY,15,93.09092971,97.79024943
7JsX8y1ysxY,16,97.79024943,98.98752834
7JsX8y1ysxY,17,98.98752834,100.4342404
7JsX8y1ysxY,18,100.4342404,102.1603175
7JsX8y1ysxY,19,102.1603175,105.253288
7JsX8y1ysxY,20,106.1911565,107.9371882
7JsX8y1ysxY,21,107.9371882,113.9136054
7JsX8y1ysxY,22,120.2092971,121.5861678
7JsX8y1ysxY,23,126.1358277,127.6723356
7JsX8y1ysxY,24,127.6723356,129.3385488
7JsX8y1ysxY,25,129.3385488,130.7653061
7JsX8y1ysxY,26,130.7653061,133.9580499
7JsX8y1ysxY,27,135.4845805,136.5321995
7JsX8y1ysxY,28,136.5321995,137.5698413
7JsX8y1ysxY,29,137.5698413,139.6151927
7JsX8y1ysxY,30,139.6151927,141.6106576
7JsX8y1ysxY,31,141.6106576,143.2369615
7JsX8y1ysxY,32,143.2369615,147.9263039
7JsX8y1ysxY,33,153.8229025,155.9380952
7JsX8y1ysxY,34,155.9380952,158.3126984
7JsX8y1ysxY,35,158.3126984,160.6473923
7JsX8y1ysxY,36,160.6473923,166.8732426
7JsX8y1ysxY,37,166.8732426,169.8863946
7JsX8y1ysxY,38,169.8863946,176.0124717
7JsX8y1ysxY,39,176.0124717,177.7784581
8OtFthrtaJM,1,16.6845805,19.49818594
8OtFthrtaJM,2,52.08412698,56.50408163
8OtFthrtaJM,3,56.50408163,65.11451247
8OtFthrtaJM,4,65.11451247,67.21972789
8OtFthrtaJM,5,67.21972789,70.96122449
8OtFthrtaJM,6,70.96122449,79.63151927
8OtFthrtaJM,7,79.63151927,80.9984127
8OtFthrtaJM,8,80.9984127,85.18888889
8OtFthrtaJM,9,85.18888889,89.67868481
8OtFthrtaJM,10,89.67868481,91.61428571
8OtFthrtaJM,11,91.61428571,97.9399093
8OtFthrtaJM,12,97.9399093,105.8918367
8OtFthrtaJM,13,115.4900227,129.3684807
8OtFthrtaJM,14,129.3684807,131.9825397
8OtFthrtaJM,15,131.9825397,136.731746
8OtFthrtaJM,16,136.731746,139.0863946
8OtFthrtaJM,17,139.0863946,140.6229025
8OtFthrtaJM,18,140.6229025,143.1970522
8OtFthrtaJM,19,143.1970522,147.9063492
8OtFthrtaJM,20,147.9063492,151.6478458
8OtFthrtaJM,21,151.6478458,154.760771
8OtFthrtaJM,22,154.760771,158.9412698
8OtFthrtaJM,23,161.006576,169.6668934
8d-gEyoeBzc,1,1.928117914,4.472335601
8d-gEyoeBzc,2,4.472335601,12.78344671
8d-gEyoeBzc,3,12.78344671,26.63197279
8d-gEyoeBzc,4,26.63197279,30.71269841
8d-gEyoeBzc,5,30.71269841,36.3
8d-gEyoeBzc,6,36.3,40.0414966
8d-gEyoeBzc,7,40.0414966,42.27641723
8d-gEyoeBzc,8,42.27641723,47.02562358
8d-gEyoeBzc,9,47.93356009,52.92222222
8d-gEyoeBzc,10,52.92222222,58.38979592
8d-gEyoeBzc,11,58.38979592,60.91405896
8d-gEyoeBzc,12,60.91405896,63.66780045
8d-gEyoeBzc,13,63.66780045,65.36394558
8d-gEyoeBzc,14,65.36394558,66.43151927
8d-gEyoeBzc,15,66.43151927,70.22290249
8d-gEyoeBzc,16,70.22290249,72.49773243
8d-gEyoeBzc,17,72.49773243,75.73038549
8d-gEyoeBzc,18,77.00748299,80.97845805
8d-gEyoeBzc,19,80.97845805,86.83514739
8d-gEyoeBzc,20,86.83514739,92.74172336
8d-gEyoeBzc,21,92.74172336,111.1798186
8d-gEyoeBzc,22,109.9426304,118.8024943
8d-gEyoeBzc,23,118.8024943,126.1657596
8d-gEyoeBzc,24,126.1657596,139.3956916
8d-gEyoeBzc,25,139.3956916,141.7403628
8d-gEyoeBzc,26,141.7403628,155.2297052
8d-gEyoeBzc,27,155.2297052,158.6818594
8d-gEyoeBzc,28,158.6818594,164.0995465
8d-gEyoeBzc,29,164.0995465,168.4197279
8d-gEyoeBzc,30,168.4197279,169.8564626
8qrpnFRGt2A,1,1.479138322,14.54943311
8qrpnFRGt2A,2,17.45283447,20.78526077
8qrpnFRGt2A,3,20.78526077,26.41247166
8qrpnFRGt2A,4,26.41247166,35.70136054
8qrpnFRGt2A,5,35.70136054,41.44829932
8qrpnFRGt2A,6,41.44829932,50.33809524
8qrpnFRGt2A,7,50.33809524,59.2877551
8qrpnFRGt2A,8,59.2877551,64.98480726
8qrpnFRGt2A,9,64.98480726,67.80839002
8qrpnFRGt2A,10,67.80839002,79.14263039
8qrpnFRGt2A,11,79.14263039,84.51043084
8qrpnFRGt2A,12,84.51043084,92.46235828
8qrpnFRGt2A,13,92.46235828,93.60975057
8qrpnFRGt2A,14,93.60975057,96.62290249
8qrpnFRGt2A,15,96.62290249,112.9557823
8qrpnFRGt2A,16,112.9557823,116.7072562
8qrpnFRGt2A,17,125.4573696,126.8442177
8qrpnFRGt2A,18,126.8442177,131.0646259
8qrpnFRGt2A,19,131.0646259,142.8877551
8qrpnFRGt2A,20,142.8877551,149.28322
8qrpnFRGt2A,21,149.28322,154.8106576
8qrpnFRGt2A,22,154.8106576,160.6773243
8qrpnFRGt2A,23,160.2183673,162.3834467
8qrpnFRGt2A,24,162.3834467,166.2845805
8qrpnFRGt2A,25,166.2845805,168.3897959
8qrpnFRGt2A,26,168.3897959,179.993424
9J25DZhivz8,1,11.65600907,14.00068027
9J25DZhivz8,2,67.49909297,70.33265306
9J25DZhivz8,3,70.33265306,72.74716553
9J25DZhivz8,4,72.74716553,75.41111111
9J25DZhivz8,5,75.41111111,76.71814059
9J25DZhivz8,6,76.71814059,84.330839
9J25DZhivz8,7,83.68231293,94.10861678
9J25DZhivz8,8,94.10861678,96.12403628
9J25DZhivz8,9,96.12403628,99.44648526
9J25DZhivz8,10,99.44648526,108.8351474
9J25DZhivz8,11,108.8351474,111.9879819
9J25DZhivz8,12,111.9879819,114.3027211
9J25DZhivz8,13,114.3027211,118.4034014
9J25DZhivz8,14,118.4034014,123.8210884
9J25DZhivz8,15,123.8210884,124.7190476
9J25DZhivz8,16,124.7190476,129.9571429
9J25DZhivz8,17,132.9802721,135.5843537
9J25DZhivz8,18,135.5843537,148.8941043
9J25DZhivz8,19,148.8941043,153.5235828
9J25DZhivz8,20,153.5235828,154.6210884
9J25DZhivz8,21,154.6210884,155.6587302
9J25DZhivz8,22,155.6587302,158.821542
9J25DZhivz8,23,158.4723356,160.3780045
9J25DZhivz8,24,160.3780045,162.084127
9J25DZhivz8,25,162.084127,167.3321995
9T9Hf74oK10,1,1.269614512,2.307256236
9T9Hf74oK10,2,13.01292517,20.3861678
9T9Hf74oK10,3,28.50770975,31.36122449
9T9Hf74oK10,4,31.36122449,34.12494331
9T9Hf74oK10,5,34.12494331,36.92857143
9T9Hf74oK10,6,36.92857143,39.91179138
9T9Hf74oK10,7,39.59251701,48.81156463
9T9Hf74oK10,8,48.81156463,60.44512472
9T9Hf74oK10,9,60.44512472,66.23197279
9T9Hf74oK10,10,66.23197279,67.94807256
9T9Hf74oK10,11,67.94807256,75.56077098
9T9Hf74oK10,12,75.56077098,79.04285714
9T9Hf74oK10,13,93.02108844,98.05963719
9T9Hf74oK10,14,101.4120181,105.8120181
9T9Hf74oK10,15,105.8120181,109.3340136
9T9Hf74oK10,16,109.3340136,113.8537415
9T9Hf74oK10,17,113.8537415,117.0265306
9T9Hf74oK10,18,119.6705215,123.1326531
9T9Hf74oK10,19,123.1326531,125.7367347
9T9Hf74oK10,20,130.4460317,132.5712018
9T9Hf74oK10,21,132.5712018,138.4777778
9T9Hf74oK10,22,138.4777778,142.1294785
9T9Hf74oK10,23,142.1294785,144.4442177
9T9Hf74oK10,24,149.9217687,151.8673469
9T9Hf74oK10,25,172.9294785,176.1721088
9c67fiY0wGQ,1,9.181632653,12.59387755
9c67fiY0wGQ,2,12.59387755,16.07596372
9c67fiY0wGQ,3,38.98390023,46.43696145
9c67fiY0wGQ,4,46.43696145,50.94671202
9c67fiY0wGQ,5,50.94671202,54.52857143
9c67fiY0wGQ,6,61.64240363,68.51678005
9c67fiY0wGQ,7,68.51678005,72.35804989
9c67fiY0wGQ,8,72.35804989,75.14172336
9c67fiY0wGQ,9,75.14172336,77.10725624
9c67fiY0wGQ,10,77.10725624,81.62698413
9c67fiY0wGQ,11,81.62698413,83.7521542
9c67fiY0wGQ,12,83.7521542,88.14217687
9qR7uwkblbs,1,3.454648526,6.906802721
9qR7uwkblbs,2,12.11496599,14.56938776
9qR7uwkblbs,3,14.56938776,16.3952381
9qR7uwkblbs,4,50.86689342,53.52086168
9qR7uwkblbs,5,53.52086168,60.67460317
9qR7uwkblbs,6,61.961678,64.45600907
9qR7uwkblbs,7,71.32040816,73.54535147
9qR7uwkblbs,8,73.45555556,74.9521542
9qR7uwkblbs,9,74.9521542,77.86553288
9qR7uwkblbs,10,77.86553288,81.35759637
9qR7uwkblbs,11,81.35759637,89.58888889
9qR7uwkblbs,12,89.58888889,95.19614512
9qR7uwkblbs,13,95.19614512,99.79569161
9qR7uwkblbs,14,99.79569161,101.0727891
9qR7uwkblbs,15,101.0727891,110.3117914
9qR7uwkblbs,16,110.3117914,115.1108844
9qR7uwkblbs,17,115.1108844,116.8868481
9qR7uwkblbs,18,116.8868481,119.2614512
9qR7uwkblbs,19,120.2791383,121.6959184
9qR7uwkblbs,20,125.2478458,126.6746032
9qR7uwkblbs,21,126.6746032,127.9217687
9qR7uwkblbs,22,127.9217687,130.2365079
9qR7uwkblbs,23,129.8473923,137.9888889
9qR7uwkblbs,24,137.9888889,139.1562358
9qR7uwkblbs,25,139.1562358,142.2891156
9qR7uwkblbs,26,142.2891156,144.4442177
9qR7uwkblbs,27,144.4442177,146.2501134
9qR7uwkblbs,28,145.9907029,151.468254
9qR7uwkblbs,29,151.468254,153.962585
9qR7uwkblbs,30,153.962585,160.9267574
9qR7uwkblbs,31,160.9267574,163.5208617
9qR7uwkblbs,32,174.7253968,176.3018141
9qR7uwkblbs,33,176.3018141,176.5213152
Af8D0E4ZXaw,1,15.60702948,22.22199546
Af8D0E4ZXaw,2,56.91315193,65.16439909
Af8D0E4ZXaw,3,65.16439909,69.38480726
Af8D0E4ZXaw,4,69.38480726,75.40113379
Af8D0E4ZXaw,5,75.40113379,80.52947846
Af8D0E4ZXaw,6,82.65464853,84.0015873
Af8D0E4ZXaw,7,84.0015873,86.78526077
Af8D0E4ZXaw,8,86.78526077,90.06780045
Af8D0E4ZXaw,9,89.59886621,92.28276644
Af8D0E4ZXaw,10,92.28276644,98.93764172
Af8D0E4ZXaw,11,98.93764172,104.0959184
Af8D0E4ZXaw,12,104.0959184,107.0292517
Af8D0E4ZXaw,13,107.0292517,108.3761905
Af8D0E4ZXaw,14,108.3761905,109.5634921
Af8D0E4ZXaw,15,109.5634921,112.4668934
Af8D0E4ZXaw,16,112.3571429,113.7539683
Af8D0E4ZXaw,17,113.7539683,117.9643991
Af8D0E4ZXaw,18,117.9643991,120.1693878
Af8D0E4ZXaw,19,120.1693878,121.9054422
Af8D0E4ZXaw,20,121.9054422,125.2578231
Af8D0E4ZXaw,21,125.2578231,135.6941043
Af8D0E4ZXaw,22,135.8038549,138.4977324
Af8D0E4ZXaw,23,138.4977324,144.144898
Af8D0E4ZXaw,24,144.144898,150.1512472
Af8D0E4ZXaw,25,150.1512472,152.3761905
Af8D0E4ZXaw,26,152.3761905,158.7716553
Af8D0E4ZXaw,27,158.7716553,163.0818594
Af8D0E4ZXaw,28,163.0818594,164.60839
Af8D0E4ZXaw,29,170.5349206,173.0492063
Af8D0E4ZXaw,30,173.0492063,174.5857143
Af8D0E4ZXaw,31,174.5857143,177.2097506
BI97DNYfe5I,1,8.762585034,11.20702948
BI97DNYfe5I,2,11.20702948,17.961678
BI97DNYfe5I,3,17.62244898,21.95260771
BI97DNYfe5I,4,21.95260771,24.88594104
BI97DNYfe5I,5,24.88594104,28.00884354
BI97DNYfe5I,6,28.00884354,30.55306122
BI97DNYfe5I,7,37.25782313,45.25963719
BI97DNYfe5I,8,45.11995465,47.00566893
BI97DNYfe5I,9,47.00566893,48.73174603
BI97DNYfe5I,10,48.73174603,54.76802721
BI97DNYfe5I,11,54.76802721,56.36439909
BI97DNYfe5I,12,56.36439909,60.84421769
BI97DNYfe5I,13,63.24875283,64.47596372
BI97DNYfe5I,14,64.47596372,66.49138322
BI97DNYfe5I,15,66.49138322,67.87823129
BI97DNYfe5I,16,67.87823129,70.44240363
BI97DNYfe5I,17,70.44240363,72.00884354
BI97DNYfe5I,18,72.00884354,74.70272109
BI97DNYfe5I,19,74.70272109,79.20249433
BI97DNYfe5I,20,79.46190476,79.83106576
BI97DNYfe5I,21,79.83106576,80.41972789
BI97DNYfe5I,22,80.41972789,82.58480726
BI97DNYfe5I,23,82.58480726,86.94489796
BI97DNYfe5I,24,86.94489796,89.37936508
BI97DNYfe5I,25,89.37936508,92.8414966
BI97DNYfe5I,26,92.8414966,97.08185941
BI97DNYfe5I,27,97.08185941,100.1648526
BI97DNYfe5I,28,100.1648526,101.930839
BI97DNYfe5I,29,101.930839,103.4473923
BI97DNYfe5I,30,103.4473923,105.3630385
BI97DNYfe5I,31,105.3630385,107.6079365
BXuRRbG0Ugk,1,1.119954649,12.59387755
BXuRRbG0Ugk,2,12.59387755,14.57936508
BXuRRbG0Ugk,3,14.57936508,16.29546485
BXuRRbG0Ugk,4,16.29546485,19.24875283
BXuRRbG0Ugk,5,19.24875283,22.56122449
BXuRRbG0Ugk,6,22.56122449,25.46462585
BXuRRbG0Ugk,7,25.46462585,31.9
BXuRRbG0Ugk,8,31.9,35.86099773
BXuRRbG0Ugk,9,41.29863946,48.42244898
BXuRRbG0Ugk,10,48.42244898,59.18798186
BXuRRbG0Ugk,11,58.75895692,62.99931973
BXuRRbG0Ugk,12,62.99931973,71.39024943
BXuRRbG0Ugk,13,71.39024943,77.04739229
BXuRRbG0Ugk,14,77.04739229,83.40294785
BXuRRbG0Ugk,15,83.40294785,86.26643991
BXuRRbG0Ugk,16,86.26643991,93.869161
BXuRRbG0Ugk,17,93.869161,96.80249433
BXuRRbG0Ugk,18,104.6646259,109.5734694
BXuRRbG0Ugk,19,109.5734694,115.2306122
BXuRRbG0Ugk,20,115.2306122,119.6206349
BXuRRbG0Ugk,21,119.6206349,126.485034
BXuRRbG0Ugk,22,126.485034,133.3394558
BXuRRbG0Ugk,23,133.3394558,139.3657596
BXuRRbG0Ugk,24,139.3657596,142.2492063
BXuRRbG0Ugk,25,142.2492063,146.4197279
BXuRRbG0Ugk,26,146.4197279,153.224263
BXuRRbG0Ugk,27,153.224263,157.5643991
BXuRRbG0Ugk,28,157.5643991,163.0219955
BXuRRbG0Ugk,29,163.0219955,167.5716553
BXuRRbG0Ugk,30,167.5716553,172.3208617
BXuRRbG0Ugk,31,172.3208617,179.3848073
Bfr499ggo-0,1,3.175283447,6.936734694
Bfr499ggo-0,2,6.936734694,8.363492063
Bfr499ggo-0,3,8.363492063,16.43514739
Bfr499ggo-0,4,16.43514739,18.7399093
Bfr499ggo-0,5,18.34081633,28.13854875
Bfr499ggo-0,6,28.13854875,30.19387755
Bfr499ggo-0,7,30.19387755,32.68820862
Bfr499ggo-0,8,32.68820862,37.93628118
Bfr499ggo-0,9,37.93628118,40.88956916
Bfr499ggo-0,10,40.88956916,42.93492063
Bfr499ggo-0,11,42.93492063,44.97029478
Bfr499ggo-0,12,44.97029478,47.55442177
Bfr499ggo-0,13,47.55442177,49.869161
Bfr499ggo-0,14,49.869161,54.97755102
Bfr499ggo-0,15,54.97755102,56.3244898
Bfr499ggo-0,16,56.3244898,63.01927438
Bfr499ggo-0,17,64.95487528,69.97346939
Bfr499ggo-0,18,69.97346939,72.61746032
Bfr499ggo-0,19,72.61746032,74.94217687
Bfr499ggo-0,20,74.94217687,77.46643991
Bfr499ggo-0,21,77.46643991,78.95306122
Bfr499ggo-0,22,78.95306122,83.35306122
BioHAh1qJAQ,1,0.132199546,3.015646259
BioHAh1qJAQ,2,3.015646259,7.485487528
BioHAh1qJAQ,3,7.485487528,13.77120181
BioHAh1qJAQ,4,13.77120181,18.87959184
BioHAh1qJAQ,5,18.87959184,23.58888889
BioHAh1qJAQ,6,23.58888889,28.68730159
BioHAh1qJAQ,7,28.68730159,34.04512472
BioHAh1qJAQ,8,34.04512472,36.82879819
BioHAh1qJAQ,9,36.82879819,39.15351474
BioHAh1qJAQ,10,39.15351474,40.85963719
BioHAh1qJAQ,11,40.85963719,44.06235828
BioHAh1qJAQ,12,46.33718821,50.21836735
BioHAh1qJAQ,13,50.21836735,55.89546485
BioHAh1qJAQ,14,55.89546485,58.11043084
BioHAh1qJAQ,15,58.11043084,61.18344671
BioHAh1qJAQ,16,61.18344671,64.93492063
BioHAh1qJAQ,17,64.93492063,67.93809524
BioHAh1qJAQ,18,67.93809524,72.238322
BioHAh1qJAQ,19,72.238322,82.43514739
BioHAh1qJAQ,20,82.43514739,91.18526077
BioHAh1qJAQ,21,91.18526077,93.71950113
BioHAh1qJAQ,22,106.9594104,109.8229025
BioHAh1qJAQ,23,109.8229025,113.4446712
BioHAh1qJAQ,24,113.9734694,120.6782313
BioHAh1qJAQ,25,120.6782313,121.8555556
BioHAh1qJAQ,26,124.1004535,134.1376417
BioHAh1qJAQ,27,134.1376417,145.0029478
BioHAh1qJAQ,28,145.0029478,151.099093
BioHAh1qJAQ,29,159.4002268,161.655102
BioHAh1qJAQ,30,167.3421769,179.993424
BvYR0L6f2Ig,1,26.21292517,28.238322
BvYR0L6f2Ig,2,28.238322,34.87324263
BvYR0L6f2Ig,3,42.7154195,46.29727891
BvYR0L6f2Ig,4,46.29727891,48.59206349
BvYR0L6f2Ig,5,48.59206349,51.30589569
BvYR0L6f2Ig,6,112.9258503,118.6927438
BvYR0L6f2Ig,7,112.9258503,121.1471655
BvYR0L6f2Ig,8,121.1471655,122.6038549
BvYR0L6f2Ig,9,124.1104308,128.3208617
BvYR0L6f2Ig,10,128.3208617,131.7031746
BvYR0L6f2Ig,11,131.7031746,132.9902494
BvYR0L6f2Ig,12,132.9902494,137.6995465
BvYR0L6f2Ig,13,137.6995465,139.6950113
BvYR0L6f2Ig,14,139.6950113,142.5884354
BvYR0L6f2Ig,15,142.5884354,145.8609977
BvYR0L6f2Ig,16,145.8609977,150.7897959
BvYR0L6f2Ig,17,150.7897959,154.6809524
BvYR0L6f2Ig,18,154.6809524,155.0900227
BvYR0L6f2Ig,19,155.0900227,156.9956916
BvYR0L6f2Ig,20,156.9956916,160.0487528
BvYR0L6f2Ig,21,160.0487528,162.5530612
BvYR0L6f2Ig,22,165.8455782,166.4043084
BvYR0L6f2Ig,23,166.4043084,172.3707483
BvYR0L6f2Ig,24,171.8219955,174.9249433
BvYR0L6f2Ig,25,174.9249433,176.7408163
BvYR0L6f2Ig,26,176.7408163,179.993424
Ci-AH39fi3Y,1,4.602040816,5.739455782
Ci-AH39fi3Y,2,35.69138322,40.34081633
Ci-AH39fi3Y,3,40.09138322,41.73764172
Ci-AH39fi3Y,4,41.73764172,44.24195011
Ci-AH39fi3Y,5,44.24195011,45.29954649
Ci-AH39fi3Y,6,45.29954649,48.87142857
Ci-AH39fi3Y,7,48.39251701,50.20839002
Ci-AH39fi3Y,8,50.20839002,52.62290249
Ci-AH39fi3Y,9,52.62290249,55.17709751
Ci-AH39fi3Y,10,58.10045351,59.08820862
Ci-AH39fi3Y,11,59.08820862,62.23106576
Ci-AH39fi3Y,12,62.23106576,65.43378685
Ci-AH39fi3Y,13,65.43378685,68.38707483
Ci-AH39fi3Y,14,68.38707483,70.1430839
Ci-AH39fi3Y,15,71.96893424,75.89002268
Ci-AH39fi3Y,16,75.89002268,79.30226757
Ci-AH39fi3Y,17,79.30226757,82.53492063
Ci-AH39fi3Y,18,82.53492063,84.62018141
Ci-AH39fi3Y,19,84.62018141,86.47596372
Ci-AH39fi3Y,20,86.47596372,92.15306122
Ci-AH39fi3Y,21,92.15306122,95.23605442
Ci-AH39fi3Y,22,99.14716553,101.3820862
Ci-AH39fi3Y,23,101.3820862,102.7589569
Ci-AH39fi3Y,24,104.2555556,108.0968254
Ci-AH39fi3Y,25,110.6410431,114.8414966
Ci-AH39fi3Y,26,116.0687075,119.8600907
Ci-AH39fi3Y,27,119.8600907,121.9453515
Ci-AH39fi3Y,28,121.9453515,124.9285714
Ci-AH39fi3Y,29,124.9285714,127.5326531
Ci-AH39fi3Y,30,127.5326531,133.7285714
Ci-AH39fi3Y,31,133.7285714,135.0954649
Ci-AH39fi3Y,32,135.0954649,136.2328798
Ci-AH39fi3Y,33,136.2328798,139.1761905
Ci-AH39fi3Y,34,139.1761905,142.0795918
Ci-AH39fi3Y,35,146.6891156,148.7344671
Ci-AH39fi3Y,36,148.7344671,153.4138322
Ci-AH39fi3Y,37,153.4138322,157.4746032
Ci-AH39fi3Y,38,157.4746032,160.20839
Ci-AH39fi3Y,39,160.20839,162.3435374
Ci-AH39fi3Y,40,162.3435374,164.6882086
Ci-AH39fi3Y,41,164.6482993,166.0251701
Ci-AH39fi3Y,42,166.0251701,170.7643991
Ci-AH39fi3Y,43,171.5426304,173.5780045
Ci-AH39fi3Y,44,173.5780045,175.6632653
Clx4VXItLTE,1,16.93401361,23.59886621
Clx4VXItLTE,2,23.59886621,26.78163265
Clx4VXItLTE,3,26.78163265,28.08866213
Clx4VXItLTE,4,30.78253968,33.43650794
Clx4VXItLTE,5,37.74671202,40.44058957
Clx4VXItLTE,6,40.44058957,45.15986395
Clx4VXItLTE,7,45.15986395,49.16077098
Clx4VXItLTE,8,49.16077098,56.6138322
Clx4VXItLTE,9,56.6138322,61.21337868
Clx4VXItLTE,10,61.21337868,71.04104308
Clx4VXItLTE,11,71.04104308,78.80340136
Clx4VXItLTE,12,78.80340136,83.3829932
Clx4VXItLTE,13,83.3829932,88.25192744
Clx4VXItLTE,14,88.25192744,92.32267574
Clx4VXItLTE,15,92.32267574,94.83696145
Clx4VXItLTE,16,95.97437642,102.7090703
Clx4VXItLTE,17,102.7090703,106.670068
Clx4VXItLTE,18,106.670068,109.4537415
Clx4VXItLTE,19,109.4537415,110.9902494
Clx4VXItLTE,20,110.9902494,113.9036281
Clx4VXItLTE,21,113.9036281,116.5575964
Clx4VXItLTE,22,116.4179138,118.9122449
Clx4VXItLTE,23,118.9122449,124.4995465
Clx4VXItLTE,24,124.4995465,129.8573696
Clx4VXItLTE,25,129.8573696,132.5612245
Clx4VXItLTE,26,132.5612245,134.0578231
Clx4VXItLTE,27,134.0578231,136.0333333
Clx4VXItLTE,28,136.0333333,141.1217687
Clx4VXItLTE,29,158.4922902,164.7879819
Clx4VXItLTE,30,164.7879819,172.4904762
Clx4VXItLTE,31,174.8151927,178.5367347
Dg_0XKD0Mf4,1,0.102267574,1.77845805
Dg_0XKD0Mf4,2,67.00022676,70.05328798
Dg_0XKD0Mf4,3,70.05328798,71.64965986
Dg_0XKD0Mf4,4,71.64965986,73.00657596
Dg_0XKD0Mf4,5,73.00657596,75.44104308
Dg_0XKD0Mf4,6,75.44104308,80.72902494
Dg_0XKD0Mf4,7,80.72902494,83.52267574
Dg_0XKD0Mf4,8,83.52267574,84.76984127
Dg_0XKD0Mf4,9,84.76984127,89.07006803
Dg_0XKD0Mf4,10,89.07006803,92.37256236
Dg_0XKD0Mf4,11,91.74399093,93.70952381
Dg_0XKD0Mf4,12,93.70952381,100.5938776
Dg_0XKD0Mf4,13,100.3643991,102.4396825
Dg_0XKD0Mf4,14,103.7666667,105.3430839
Dg_0XKD0Mf4,15,105.3430839,108.7453515
Dg_0XKD0Mf4,16,108.7453515,110.760771
Dg_0XKD0Mf4,17,110.760771,115.6995465
Dg_0XKD0Mf4,18,115.6995465,117.0265306
G-xst2euQUc,1,27.28049887,28.50770975
G-xst2euQUc,2,28.50770975,30.02426304
G-xst2euQUc,3,30.02426304,31.69047619
G-xst2euQUc,4,37.64693878,47.22517007
G-xst2euQUc,5,47.22517007,50.10861678
G-xst2euQUc,6,50.10861678,52.37346939
G-xst2euQUc,7,52.37346939,57.43197279
G-xst2euQUc,8,57.43197279,59.21791383
G-xst2euQUc,9,59.21791383,62.06145125
G-xst2euQUc,10,62.06145125,67.12993197
G-xst2euQUc,11,67.12993197,71.67959184
G-xst2euQUc,12,71.67959184,75.44104308
G-xst2euQUc,13,96.71269841,100.0950113
G-xst2euQUc,14,100.0950113,102.8687075
G-xst2euQUc,15,104.2256236,110.0623583
G-xst2euQUc,16,110.0623583,113.714059
G-xst2euQUc,17,113.714059,118.7426304
G-xst2euQUc,18,118.7426304,122.4142857
G-xst2euQUc,19,127.1435374,130.1267574
G-xst2euQUc,20,130.1267574,133.1498866
G-xst2euQUc,21,133.1498866,134.5068027
G6GlGvlkxAQ,1,5.70952381,11.75578231
G6GlGvlkxAQ,2,11.75578231,14.04058957
G6GlGvlkxAQ,3,14.04058957,15.3276644
G6GlGvlkxAQ,4,29.61519274,31.03197279
G6GlGvlkxAQ,5,31.03197279,34.2047619
G6GlGvlkxAQ,6,36.32993197,38.86417234
G6GlGvlkxAQ,7,41.95714286,43.21428571
G6GlGvlkxAQ,8,43.21428571,44.361678
G6GlGvlkxAQ,9,48.07324263,52.16394558
G6GlGvlkxAQ,10,52.16394558,53.67052154
G6GlGvlkxAQ,11,53.67052154,56.83333333
G6GlGvlkxAQ,12,56.83333333,59.3675737
G6GlGvlkxAQ,13,59.3675737,63.34852608
G6GlGvlkxAQ,14,63.34852608,67.24965986
G6GlGvlkxAQ,15,67.24965986,70.06326531
G6GlGvlkxAQ,16,70.06326531,75.70045351
G6GlGvlkxAQ,17,75.70045351,77.77573696
G6GlGvlkxAQ,18,77.77573696,79.46190476
G6GlGvlkxAQ,19,79.46190476,81.46734694
G6GlGvlkxAQ,20,81.46734694,82.88412698
G6GlGvlkxAQ,21,82.88412698,84.44058957
G6GlGvlkxAQ,22,84.44058957,88.34172336
G6GlGvlkxAQ,23,88.34172336,92.33265306
G6GlGvlkxAQ,24,95.86462585,102.7689342
G6GlGvlkxAQ,25,102.7689342,104.0360544
G6GlGvlkxAQ,26,104.0360544,106.0814059
G6GlGvlkxAQ,27,106.0814059,108.0070295
G6GlGvlkxAQ,28,142.4986395,145.0727891
G6GlGvlkxAQ,29,165.775737,174.3462585
GWuJjcEuzt8,1,17.11360544,22.82063492
GWuJjcEuzt8,2,22.65102041,27.52993197
GWuJjcEuzt8,3,27.52993197,31.530839
GWuJjcEuzt8,4,35.2723356,44.66099773
GWuJjcEuzt8,5,66.7707483,69.73401361
GWuJjcEuzt8,6,68.36712018,72.5675737
GWuJjcEuzt8,7,72.5675737,76.19931973
GWuJjcEuzt8,8,76.19931973,78.62380952
GWuJjcEuzt8,9,78.62380952,81.73673469
GWuJjcEuzt8,10,81.73673469,84.85963719
GWuJjcEuzt8,11,84.85963719,87.33401361
GWuJjcEuzt8,12,92.44240363,95.03650794
GWuJjcEuzt8,13,98.68820862,102.5195011
GWuJjcEuzt8,14,102.5195011,110.5412698
GWuJjcEuzt8,15,110.5412698,119.6804989
GWuJjcEuzt8,16,119.6804989,124.7090703
GWuJjcEuzt8,17,124.7090703,129.0292517
GWuJjcEuzt8,18,129.0292517,135.4147391
HEsqda8_d0Q,1,3.255102041,4.981179138
HEsqda8_d0Q,2,4.981179138,6.657369615
HEsqda8_d0Q,3,12.17482993,14.53945578
HEsqda8_d0Q,4,14.53945578,15.80657596
HEsqda8_d0Q,5,15.80657596,20.21655329
HEsqda8_d0Q,6,21.68321995,23.16984127
HEsqda8_d0Q,7,43.20430839,45.32947846
HEsqda8_d0Q,8,45.32947846,51.69501134
HEsqda8_d0Q,9,51.69501134,53.90997732
HEsqda8_d0Q,10,53.90997732,57.561678
HEsqda8_d0Q,11,59.3675737,61.0537415
HEsqda8_d0Q,12,61.0537415,62.15124717
HEsqda8_d0Q,13,62.15124717,64.0569161
HEsqda8_d0Q,14,64.0569161,65.80294785
HEsqda8_d0Q,15,65.31405896,67.97800454
HEsqda8_d0Q,16,67.49909297,68.61655329
HEsqda8_d0Q,17,68.61655329,70.05328798
HEsqda8_d0Q,18,70.05328798,76.67823129
HEsqda8_d0Q,19,76.67823129,80.21020408
HEsqda8_d0Q,20,80.21020408,82.51496599
HEsqda8_d0Q,21,82.51496599,85.18888889
HEsqda8_d0Q,22,88.67097506,92.17301587
HEsqda8_d0Q,23,97.47097506,99.76575964
HEsqda8_d0Q,24,99.76575964,102.1303855
HEsqda8_d0Q,25,102.1303855,105.5126984
HEsqda8_d0Q,26,105.5126984,107.6678005
HEsqda8_d0Q,27,107.6678005,108.6356009
HEsqda8_d0Q,28,108.6356009,109.962585
HEsqda8_d0Q,29,109.962585,111.4092971
HEsqda8_d0Q,30,111.4092971,113.3249433
HEsqda8_d0Q,31,113.3249433,123.561678
HEsqda8_d0Q,32,126.6546485,128.8895692
HEsqda8_d0Q,33,130.0668934,131.623356
HEsqda8_d0Q,34,134.7761905,137.8891156
I5y0__X72p0,1,9.131746032,13.49183673
I5y0__X72p0,2,13.49183673,18.60022676
I5y0__X72p0,3,19.58798186,29.89455782
I5y0__X72p0,4,29.89455782,36.15034014
I5y0__X72p0,5,47.1154195,48.13310658
I5y0__X72p0,6,48.13310658,52.07414966
I5y0__X72p0,7,54.36893424,57.3122449
I5y0__X72p0,8,57.3122449,60.89410431
I5y0__X72p0,9,60.89410431,62.0015873
I5y0__X72p0,10,62.0015873,63.56802721
I5y0__X72p0,11,63.56802721,66.67097506
I5y0__X72p0,12,69.97346939,76.61836735
I5y0__X72p0,13,81.42743764,87.29410431
I5y0__X72p0,14,92.42244898,99.02743764
I5y0__X72p0,15,99.02743764,99.57619048
I5y0__X72p0,16,99.57619048,100.6437642
I5y0__X72p0,17,100.6437642,103.8664399
I5y0__X72p0,18,103.8664399,104.8442177
I5y0__X72p0,19,104.8442177,109.8328798
I5y0__X72p0,20,109.8328798,112.8260771
I5y0__X72p0,21,112.8260771,116.7272109
I5y0__X72p0,22,116.7272109,122.8333333
I5y0__X72p0,23,122.8333333,124.8287982
I5y0__X72p0,24,124.8287982,126.9639456
I5y0__X72p0,25,126.9639456,128.4605442
I5y0__X72p0,26,128.4605442,132.6510204
I5y0__X72p0,27,132.4315193,134.885941
I5y0__X72p0,28,136.8514739,139.006576
I5y0__X72p0,29,139.006576,145.5217687
I5y0__X72p0,30,161.655102,163.3113379
I5y0__X72p0,31,163.3113379,163.9698413
I5y0__X72p0,32,163.9698413,164.7181406
I5y0__X72p0,33,164.7181406,166.514059
I5y0__X72p0,34,166.514059,167.7911565
I5y0__X72p0,35,167.7911565,169.9662132
I5y0__X72p0,36,169.9662132,171.8020408
I5y0__X72p0,37,171.8020408,173.9172336
I5y0__X72p0,38,173.9172336,175.9526077
I5y0__X72p0,39,175.9526077,177.3294785
Iu2PFX3z_1s,1,16.07596372,19.71768707
Iu2PFX3z_1s,2,22.69092971,27.74943311
Iu2PFX3z_1s,3,27.74943311,32.9675737
Iu2PFX3z_1s,4,32.9675737,37.19795918
Iu2PFX3z_1s,5,48.46235828,54.27913832
Iu2PFX3z_1s,6,54.27913832,55.71587302
Iu2PFX3z_1s,7,55.71587302,57.96077098
Iu2PFX3z_1s,8,57.96077098,62.50045351
Iu2PFX3z_1s,9,62.50045351,63.80748299
Iu2PFX3z_1s,10,63.80748299,66.0723356
Iu2PFX3z_1s,11,66.0723356,70.16303855
Iu2PFX3z_1s,12,70.16303855,71.28049887
Iu2PFX3z_1s,13,71.28049887,72.54761905
Iu2PFX3z_1s,14,72.54761905,75.27142857
Iu2PFX3z_1s,15,75.27142857,81.41746032
Iu2PFX3z_1s,16,81.41746032,84.52040816
IumbAb8q2dM,1,6.088662132,8.064172336
IumbAb8q2dM,2,8.064172336,9.36122449
IumbAb8q2dM,3,12.37437642,15.43741497
IumbAb8q2dM,4,18.36077098,22.0324263
IumbAb8q2dM,5,22.0324263,23.59886621
IumbAb8q2dM,6,23.59886621,25.84376417
IumbAb8q2dM,7,25.84376417,32.11950113
IumbAb8q2dM,8,32.11950113,34.48412698
IumbAb8q2dM,9,34.48412698,36.72902494
IumbAb8q2dM,10,36.72902494,44.730839
IumbAb8q2dM,11,44.730839,50.79705215
IumbAb8q2dM,12,50.79705215,55.18707483
IumbAb8q2dM,13,62.45056689,65.67324263
IumbAb8q2dM,14,72.8569161,78.87324263
IumbAb8q2dM,15,97.161678,99.13718821
IumbAb8q2dM,16,103.8464853,107.1390023
IumbAb8q2dM,17,107.1390023,108.6356009
IumbAb8q2dM,18,108.6356009,114.4922902
IumbAb8q2dM,19,114.4922902,117.2260771
IumbAb8q2dM,20,117.2260771,118.7126984
IumbAb8q2dM,21,118.7126984,122.1648526
IumbAb8q2dM,22,122.1648526,126.6346939
Jkswaaud0hk,1,5.230612245,9.83015873
Jkswaaud0hk,2,10.15941043,11.14716553
Jkswaaud0hk,3,11.14716553,13.37210884
Jkswaaud0hk,4,13.37210884,15.14807256
Jkswaaud0hk,5,15.14807256,17.37301587
Jkswaaud0hk,6,17.37301587,21.73310658
Jkswaaud0hk,7,21.73310658,25.10544218
Jkswaaud0hk,8,25.10544218,26.87142857
Jkswaaud0hk,9,26.87142857,28.33809524
Jkswaaud0hk,10,28.33809524,31.63061224
Jkswaaud0hk,11,31.63061224,35.12267574
Jkswaaud0hk,12,35.12267574,38.63469388
Jkswaaud0hk,13,38.63469388,41.44829932
Jkswaaud0hk,14,41.44829932,43.01473923
Jkswaaud0hk,15,43.01473923,45.45918367
Jkswaaud0hk,16,45.45918367,47.1553288
Jkswaaud0hk,17,47.1553288,51.40566893
Jkswaaud0hk,18,51.40566893,54.13945578
Jkswaaud0hk,19,54.13945578,55.40657596
Jkswaaud0hk,20,55.40657596,56.25464853
LSi-o-IrDMs,1,8.443310658,10.43877551
LSi-o-IrDMs,2,10.43877551,14.10045351
LSi-o-IrDMs,3,14.10045351,17.19342404
LSi-o-IrDMs,4,17.19342404,19.93718821
LSi-o-IrDMs,5,50.03877551,52.39342404
LSi-o-IrDMs,6,52.39342404,54.34897959
LSi-o-IrDMs,7,54.34897959,56.27460317
LSi-o-IrDMs,8,56.27460317,57.09274376
LSi-o-IrDMs,9,57.09274376,61.0537415
LSi-o-IrDMs,10,61.0537415,63.98707483
LSi-o-IrDMs,11,63.98707483,66.1122449
LSi-o-IrDMs,12,66.1122449,67.3893424
LSi-o-IrDMs,13,81.91632653,83.14353742
LSi-o-IrDMs,14,92.39251701,97.2814059
LSi-o-IrDMs,15,109.8827664,111.1
LSi-o-IrDMs,16,111.1,113.9335601
LSi-o-IrDMs,17,115.9888889,119.0718821
LSi-o-IrDMs,18,119.0718821,121.4764172
LSi-o-IrDMs,19,123.6814059,125.6768707
LSi-o-IrDMs,20,125.6768707,137.9489796
LSi-o-IrDMs,21,137.7494331,141.1018141
LSi-o-IrDMs,22,141.1018141,146.2600907
LSi-o-IrDMs,23,157.3349206,159.2605442
LSi-o-IrDMs,24,159.2605442,159.8791383
LSi-o-IrDMs,25,159.8791383,161.6950113
LSi-o-IrDMs,26,161.6950113,164.60839
LSi-o-IrDMs,27,164.60839,167.0628118
LSi-o-IrDMs,28,166.7834467,169.068254
LSi-o-IrDMs,29,168.5693878,180.0433107
MLal-t_vJPM,1,27.18072562,30.72267574
MLal-t_vJPM,2,33.20702948,35.51179138
MLal-t_vJPM,3,35.51179138,36.55941043
MLal-t_vJPM,4,36.55941043,40.09138322
MLal-t_vJPM,5,40.09138322,43.81292517
MLal-t_vJPM,6,43.81292517,46.44693878
MLal-t_vJPM,7,46.44693878,48.08321995
MLal-t_vJPM,8,48.08321995,50.09863946
MLal-t_vJPM,9,50.09863946,53.41111111
MLal-t_vJPM,10,53.41111111,54.82789116
MLal-t_vJPM,11,56.54399093,73.17619048
MLal-t_vJPM,12,73.17619048,79.07278912
MLal-t_vJPM,13,79.07278912,80.45963719
MLal-t_vJPM,14,80.45963719,82.61473923
MLal-t_vJPM,15,82.61473923,93.5
MLal-t_vJPM,16,93.5,97.99977324
MLal-t_vJPM,17,97.99977324,104.7045351
MLal-t_vJPM,18,105.6324263,108.4460317
Njd1F0vZSm4,1,3.215192744,6.966666667
Njd1F0vZSm4,2,6.966666667,11.88548753
Njd1F0vZSm4,3,11.88548753,14.23015873
Njd1F0vZSm4,4,14.23015873,17.60249433
Njd1F0vZSm4,5,17.60249433,18.55034014
Njd1F0vZSm4,6,18.55034014,21.7430839
Njd1F0vZSm4,7,23.29954649,25.38480726
Njd1F0vZSm4,8,25.38480726,28.87687075
Njd1F0vZSm4,9,47.31496599,56.51405896
Njd1F0vZSm4,10,56.51405896,60.21564626
Njd1F0vZSm4,11,60.21564626,65.86281179
Njd1F0vZSm4,12,70.25283447,74.19387755
Njd1F0vZSm4,13,74.19387755,78.46417234
Nzq88NnDkEk,1,9.989795918,18.32086168
Nzq88NnDkEk,2,18.32086168,23.33945578
Nzq88NnDkEk,3,23.33945578,25.93356009
Nzq88NnDkEk,4,25.93356009,28.92675737
Nzq88NnDkEk,5,28.92675737,30.27369615
Nzq88NnDkEk,6,30.27369615,34.92312925
Nzq88NnDkEk,7,34.92312925,39.28321995
Nzq88NnDkEk,8,39.28321995,42.78526077
Nzq88NnDkEk,9,42.78526077,48.46235828
Nzq88NnDkEk,10,48.46235828,53.46099773
Nzq88NnDkEk,11,53.46099773,56.40430839
Nzq88NnDkEk,12,56.40430839,59.59705215
Nzq88NnDkEk,13,59.59705215,62.55034014
Nzq88NnDkEk,14,63.0292517,68.03786848
Nzq88NnDkEk,15,68.03786848,75.32131519
Nzq88NnDkEk,16,75.32131519,80.03061224
Nzq88NnDkEk,17,80.03061224,86.86507937
Nzq88NnDkEk,18,86.86507937,91.90362812
Nzq88NnDkEk,19,91.90362812,99.80566893
Nzq88NnDkEk,20,99.80566893,103.6968254
Nzq88NnDkEk,21,103.6968254,108.9648526
Nzq88NnDkEk,22,108.7154195,112.9657596
Nzq88NnDkEk,23,112.9657596,115.0809524
Nzq88NnDkEk,24,115.0809524,120.5585034
Nzq88NnDkEk,25,120.5585034,124.5793651
Nzq88NnDkEk,26,124.5793651,133.8582766
Nzq88NnDkEk,27,133.8582766,135.4147392
Nzq88NnDkEk,28,135.2950113,137.6097506
Nzq88NnDkEk,29,137.6097506,141.19161
Nzq88NnDkEk,30,141.19161,147.377551
Nzq88NnDkEk,31,154.9104308,156.915873
Nzq88NnDkEk,32,156.915873,160.268254
OQvJTdtJ2H4,1,8.044217687,8.702721088
OQvJTdtJ2H4,2,8.702721088,10.49863946
OQvJTdtJ2H4,3,10.49863946,14.96848073
OQvJTdtJ2H4,4,14.96848073,21.68321995
OQvJTdtJ2H4,5,21.68321995,23.17981859
OQvJTdtJ2H4,6,23.17981859,26.41247166
OQvJTdtJ2H4,7,26.41247166,33.8755102
OQvJTdtJ2H4,8,33.8755102,37.85646259
OQvJTdtJ2H4,9,37.85646259,44.50136054
OQvJTdtJ2H4,10,44.50136054,47.21519274
OQvJTdtJ2H4,11,47.21519274,49.79931973
OQvJTdtJ2H4,12,49.79931973,52.37346939
OQvJTdtJ2H4,13,52.37346939,54.04965986
OQvJTdtJ2H4,14,54.04965986,61.66235828
OQvJTdtJ2H4,15,61.66235828,66.29183673
OQvJTdtJ2H4,16,73.65510204,80.30997732
OtBXNcAL_lE,1,8.75260771,14.06054422
OtBXNcAL_lE,2,14.06054422,18.09138322
OtBXNcAL_lE,3,18.09138322,21.86281179
OtBXNcAL_lE,4,21.86281179,25.73401361
OtBXNcAL_lE,5,25.73401361,32.38888889
OtBXNcAL_lE,6,32.38888889,34.71360544
OtBXNcAL_lE,7,34.71360544,37.07823129
OtBXNcAL_lE,8,37.07823129,38.69455782
OtBXNcAL_lE,9,38.69455782,39.76213152
OtBXNcAL_lE,10,39.76213152,42.07687075
OtBXNcAL_lE,11,42.07687075,45.92811791
OtBXNcAL_lE,12,45.92811791,49.68956916
OtBXNcAL_lE,13,49.68956916,53.63061224
OtBXNcAL_lE,14,53.63061224,55.61609977
OtBXNcAL_lE,15,124.6092971,126.5947846
OtBXNcAL_lE,16,129.3984127,133.1598639
OtBXNcAL_lE,17,142.2492063,145.9907029
OtBXNcAL_lE,18,157.9634921,158.5122449
OtBXNcAL_lE,19,158.5122449,163.3312925
OtBXNcAL_lE,20,163.3312925,166.7335601
OtBXNcAL_lE,21,166.7335601,170.4151927
OtBXNcAL_lE,22,170.4151927,172.5303855
OtBXNcAL_lE,23,172.5303855,176.3716553
OtBXNcAL_lE,24,176.3716553,178.5866213
Oz06ZWiO20M,1,17.35306122,25.18526077
Oz06ZWiO20M,2,46.73628118,50.02879819
Oz06ZWiO20M,3,50.02879819,53.44104308
Oz06ZWiO20M,4,56.15487528,59.88639456
Oz06ZWiO20M,5,59.88639456,66.87052154
Oz06ZWiO20M,6,66.87052154,74.31360544
Oz06ZWiO20M,7,74.31360544,75.72040816
Oz06ZWiO20M,8,75.72040816,79.9707483
Oz06ZWiO20M,9,79.9707483,82.36530612
Oz06ZWiO20M,10,82.36530612,89.17981859
Oz06ZWiO20M,11,89.17981859,109.992517
Oz06ZWiO20M,12,109.992517,114.5321995
Oz06ZWiO20M,13,114.5321995,117.5154195
Oz06ZWiO20M,14,117.5154195,123.0029478
Oz06ZWiO20M,15,123.0029478,131.0646259
Oz06ZWiO20M,16,131.0646259,138.5575964
Oz06ZWiO20M,17,138.5575964,142.1993197
Oz06ZWiO20M,18,142.2292517,143.3068027
Oz06ZWiO20M,19,143.3068027,152.6555556
Oz06ZWiO20M,20,152.6555556,158.4324263
Oz06ZWiO20M,21,158.4324263,160.577551
Oz06ZWiO20M,22,160.577551,164.5086168
Oz06ZWiO20M,23,164.5086168,166.4142857
Oz06ZWiO20M,24,166.4142857,171.1535147
Oz06ZWiO20M,25,171.1535147,179.993424
POKffnXeBds,1,15.07823129,17.22335601
POKffnXeBds,2,21.84285714,28.86689342
POKffnXeBds,3,28.86689342,33.57619048
POKffnXeBds,4,33.57619048,35.91088435
POKffnXeBds,5,35.91088435,37.67687075
POKffnXeBds,6,37.67687075,40.18117914
POKffnXeBds,7,40.18117914,43.73310658
POKffnXeBds,8,46.66643991,50.69727891
POKffnXeBds,9,50.69727891,53.85011338
POKffnXeBds,10,53.85011338,62.78979592
POKffnXeBds,11,62.78979592,64.62562358
POKffnXeBds,12,64.62562358,66.34172336
POKffnXeBds,13,66.34172336,68.05782313
PZ-lDQFboO8,1,10.15941043,12.39433107
PZ-lDQFboO8,2,39.0537415,41.7675737
PZ-lDQFboO8,3,41.7675737,47.80385488
PZ-lDQFboO8,4,47.80385488,53.63061224
PZ-lDQFboO8,5,53.63061224,61.81201814
PZ-lDQFboO8,6,61.81201814,66.08231293
PZ-lDQFboO8,7,66.08231293,71.130839
PZ-lDQFboO8,8,71.130839,78.89319728
PZ-lDQFboO8,9,78.89319728,85.38843537
PZ-lDQFboO8,10,85.38843537,86.63560091
PZ-lDQFboO8,11,86.63560091,87.93265306
PZ-lDQFboO8,12,87.93265306,94.62743764
QN9ZIUWUXsY,1,36.3,46.48684807
QN9ZIUWUXsY,2,51.13628118,52.9521542
QN9ZIUWUXsY,3,52.9521542,54.66825397
QN9ZIUWUXsY,4,77.83560091,82.25555556
QN9ZIUWUXsY,5,82.25555556,85.80748299
QN9ZIUWUXsY,6,85.80748299,89.56893424
QN9ZIUWUXsY,7,92.06326531,98.21927438
QN9ZIUWUXsY,8,98.21927438,100.6637188
QN9ZIUWUXsY,9,100.6637188,102.4995465
QN9ZIUWUXsY,10,102.4995465,105.562585
QN9ZIUWUXsY,11,105.562585,109.6433107
QN9ZIUWUXsY,12,109.6433107,114.9712018
QN9ZIUWUXsY,13,114.9712018,121.8954649
QN9ZIUWUXsY,14,121.8954649,129.2387755
QN9ZIUWUXsY,15,129.2387755,137.839229
QN9ZIUWUXsY,16,137.839229,145.9807256
QN9ZIUWUXsY,17,152.2365079,153.9825397
QN9ZIUWUXsY,18,168.669161,171.3131519
Qr1Ca94K55A,1,8.61292517,13.66145125
Qr1Ca94K55A,2,44.09229025,45.23968254
Qr1Ca94K55A,3,45.23968254,46.62653061
Qr1Ca94K55A,4,46.62653061,53.05192744
Qr1Ca94K55A,5,66.28185941,68.80612245
Qr1Ca94K55A,6,68.80612245,74.61292517
Qr1Ca94K55A,7,74.61292517,80.5893424
Qr1Ca94K55A,8,82.37528345,87.07460317
Qr1Ca94K55A,9,94.8569161,96.30362812
Qr1Ca94K55A,10,96.30362812,103.7068027
Qr1Ca94K55A,11,112.3671202,114.0333333
Qr1Ca94K55A,12,117.8446712,123.5816327
Qr1Ca94K55A,13,123.5816327,129.4582766
Qr1Ca94K55A,14,129.4582766,140.5430839
Sqr0AcuoNnk,1,15.60702948,18.96938776
Sqr0AcuoNnk,2,18.96938776,23.41927438
Sqr0AcuoNnk,3,23.41927438,26.29274376
Sqr0AcuoNnk,4,26.29274376,34.04512472
Sqr0AcuoNnk,5,34.04512472,36.02063492
Sqr0AcuoNnk,6,36.02063492,44.98027211
Sqr0AcuoNnk,7,44.98027211,50.59750567
Sqr0AcuoNnk,8,50.59750567,53.43106576
Sqr0AcuoNnk,9,53.43106576,54.85782313
Sqr0AcuoNnk,10,54.85782313,59.79659864
Sqr0AcuoNnk,11,61.11360544,65.4138322
Sqr0AcuoNnk,12,73.70498866,76.12947846
Sqr0AcuoNnk,13,76.12947846,92.5122449
Sqr0AcuoNnk,14,92.5122449,96.49319728
Sqr0AcuoNnk,15,96.49319728,101.2124717
Sqr0AcuoNnk,16,101.2124717,103.8464853
Sqr0AcuoNnk,17,103.8464853,109.7231293
Sqr0AcuoNnk,18,109.7231293,111.0301587
Sqr0AcuoNnk,19,115.1408163,116.2782313
Sqr0AcuoNnk,20,116.2782313,119.9
Sqr0AcuoNnk,21,119.2614512,128.2709751
Sqr0AcuoNnk,22,168.0705215,171.2034014
TvyZBvOMOTc,1,5.011111111,7.126303855
TvyZBvOMOTc,2,20.22653061,21.47369615
TvyZBvOMOTc,3,21.47369615,26.27278912
TvyZBvOMOTc,4,26.27278912,31.71043084
TvyZBvOMOTc,5,31.71043084,33.23696145
TvyZBvOMOTc,6,33.23696145,35.91088435
TvyZBvOMOTc,7,35.91088435,36.89863946
TvyZBvOMOTc,8,36.89863946,39.47278912
TvyZBvOMOTc,9,39.47278912,45.86825397
TvyZBvOMOTc,10,45.86825397,51.76485261
TvyZBvOMOTc,11,51.76485261,54.48866213
TvyZBvOMOTc,12,54.48866213,58.13038549
TvyZBvOMOTc,13,58.13038549,60.32539683
TvyZBvOMOTc,14,60.32539683,65.98253968
TvyZBvOMOTc,15,65.98253968,71.97891156
VCslbP0mgZI,1,1.77845805,2.287301587
VCslbP0mgZI,2,2.287301587,7.685034014
VCslbP0mgZI,3,13.84104308,17.44285714
VCslbP0mgZI,4,31.49092971,42.30634921
VCslbP0mgZI,5,42.30634921,50.8569161
VCslbP0mgZI,6,50.8569161,53.06190476
VCslbP0mgZI,7,53.06190476,64.87505669
VCslbP0mgZI,8,64.87505669,103.4673469
VCslbP0mgZI,9,103.4673469,111.9879819
VCslbP0mgZI,10,111.9879819,114.2628118
VCslbP0mgZI,11,114.2628118,133.4492063
VCslbP0mgZI,12,133.2596372,155.1
VCslbP0mgZI,13,155.1,159.1707483
VCslbP0mgZI,14,159.1707483,168.1403628
VCslbP0mgZI,15,168.1403628,175.7231293
VCslbP0mgZI,16,175.7231293,177.9181406
VCslbP0mgZI,17,177.9181406,180.0433107
VbQk4H8hgr0,1,16.58480726,19.30861678
VbQk4H8hgr0,2,19.30861678,22.74081633
VbQk4H8hgr0,3,22.62108844,25.34489796
VbQk4H8hgr0,4,25.34489796,27.87913832
VbQk4H8hgr0,5,27.87913832,29.20612245
VbQk4H8hgr0,6,29.20612245,33.67596372
VbQk4H8hgr0,7,33.67596372,36.37981859
VbQk4H8hgr0,8,36.37981859,37.21791383
VbQk4H8hgr0,9,37.21791383,40.35079365
VbQk4H8hgr0,10,40.35079365,41.99705215
VbQk4H8hgr0,11,41.99705215,42.94489796
VbQk4H8hgr0,12,42.94489796,44.31179138
VbQk4H8hgr0,13,44.31179138,46.1675737
VbQk4H8hgr0,14,46.1675737,48.1430839
VbQk4H8hgr0,15,52.11405896,53.6106576
VbQk4H8hgr0,16,53.6106576,56.37437642
VbQk4H8hgr0,17,56.37437642,62.47052154
VbQk4H8hgr0,18,62.47052154,64.73537415
VbQk4H8hgr0,19,64.73537415,67.22970522
VbQk4H8hgr0,20,67.22970522,74.32358277
VbQk4H8hgr0,21,73.66507937,75.37120181
VbQk4H8hgr0,22,75.37120181,78.67369615
VbQk4H8hgr0,23,78.67369615,80.28004535
VbQk4H8hgr0,24,80.28004535,82.75442177
VbQk4H8hgr0,25,82.75442177,86.03696145
VbQk4H8hgr0,26,86.03696145,94.59750567
VbQk4H8hgr0,27,94.59750567,96.47324263
VbQk4H8hgr0,28,96.47324263,98.91768707
VbQk4H8hgr0,29,98.91768707,101.1126984
VbQk4H8hgr0,30,101.1126984,104.115873
VbQk4H8hgr0,31,104.115873,106.7698413
VbQk4H8hgr0,32,106.7698413,108.146712
VbQk4H8hgr0,33,108.146712,112.4070295
VbQk4H8hgr0,34,112.4070295,116.7770975
VbQk4H8hgr0,35,116.7770975,122.4043084
VbQk4H8hgr0,36,122.4043084,126.485034
VbQk4H8hgr0,37,126.485034,129.6079365
VbQk4H8hgr0,38,129.6079365,131.7231293
VbQk4H8hgr0,39,131.7231293,135.1952381
VbQk4H8hgr0,40,135.1952381,139.9743764
VbQk4H8hgr0,41,139.9743764,143.2269841
VbQk4H8hgr0,42,147.7566893,149.3331066
VbQk4H8hgr0,43,149.3331066,152.3961451
VbQk4H8hgr0,44,152.3961451,153.7630385
VbQk4H8hgr0,45,153.7630385,156.3970522
VbQk4H8hgr0,46,67.22970522,68.85600907
VbQk4H8hgr0,47,157.6641723,160.1185941
VbQk4H8hgr0,48,160.1185941,163.8301587
VbQk4H8hgr0,49,163.8301587,167.5018141
VbQk4H8hgr0,50,167.5018141,168.5993197
VbQk4H8hgr0,51,168.5993197,170.3553288
VbQk4H8hgr0,52,170.3553288,173.6678005
VbQk4H8hgr0,53,173.6678005,175.2342404
VbQk4H8hgr0,54,175.2342404,177.9281179
VbQk4H8hgr0,55,177.9281179,179.993424
Vj1wYRQjB-o,1,123.531746,128.4006803
Vj1wYRQjB-o,2,128.4006803,133.2097506
Vj1wYRQjB-o,3,133.2097506,135.1952381
Vj1wYRQjB-o,4,135.1952381,136.9113379
Vj1wYRQjB-o,5,158.5820862,160.0088435
Vj1wYRQjB-o,6,164.2192744,168.270068
Vj1wYRQjB-o,7,168.270068,171.0537415
Vj1wYRQjB-o,8,171.0537415,172.7099773
Vj1wYRQjB-o,9,172.7099773,174.7952381
W8NXH0Djyww,1,6.467800454,9.710430839
W8NXH0Djyww,2,9.710430839,10.25918367
W8NXH0Djyww,3,10.25918367,12.44421769
W8NXH0Djyww,4,25.63424036,27.79931973
W8NXH0Djyww,5,27.79931973,31.06190476
W8NXH0Djyww,6,39.72222222,41.05918367
W8NXH0Djyww,7,41.05918367,42.20657596
W8NXH0Djyww,8,57.03287982,63.05918367
W8NXH0Djyww,9,65.06462585,67.73854875
W8NXH0Djyww,10,67.73854875,69.27505669
W8NXH0Djyww,11,69.27505669,76.32902494
W8NXH0Djyww,12,76.32902494,79.25238095
W8NXH0Djyww,13,86.57573696,90.07777778
W8NXH0Djyww,14,102.0804989,104.3054422
W8NXH0Djyww,15,104.3054422,106.8396825
W8NXH0Djyww,16,106.8396825,113.4945578
W8NXH0Djyww,17,113.4945578,117.3857143
W8NXH0Djyww,18,117.3857143,126.8941043
W8NXH0Djyww,19,126.8941043,129.8673469
W8NXH0Djyww,20,131.224263,132.9403628
W8NXH0Djyww,21,135.6142857,136.8514739
W8NXH0Djyww,22,136.8514739,141.7303855
W8NXH0Djyww,23,141.7303855,143.1272109
W8NXH0Djyww,24,143.1272109,148.8142857
W8NXH0Djyww,25,148.8142857,153.7231293
W8NXH0Djyww,26,153.7231293,156.3371882
W8NXH0Djyww,27,156.3371882,159.3702948
W8NXH0Djyww,28,159.3702948,162.084127
W8NXH0Djyww,29,162.084127,169.5172336
W8NXH0Djyww,30,169.5172336,170.9340136
W8NXH0Djyww,31,170.9340136,173.5380952
W8NXH0Djyww,32,173.5380952,177.6487528
